{"cameraMode":{"drawMode":0,"name":"Shaded","section":"Shading Mode"},"sceneLighting":true,"audioPlay":false,"sceneViewState":{"showFog":true,"showMaterialUpdate":false,"showSkybox":true,"showFlares":true,"showImageEffects":true,"showParticleSystems":true},"in2DMode":false,"pivot":{"x":-2.465341091156006,"y":-9.605932235717774,"z":76.42242431640625},"rotation":{"x":0.09908615052700043,"y":-0.02768094465136528,"z":0.004494051449000835,"w":0.9949694871902466},"size":43.08422088623047,"orthographic":false}