{"cameraMode":{"drawMode":0,"name":"Shaded","section":"Shading Mode"},"sceneLighting":true,"audioPlay":false,"sceneViewState":{"showFog":true,"showMaterialUpdate":false,"showSkybox":true,"showFlares":true,"showImageEffects":true,"showParticleSystems":true},"in2DMode":false,"pivot":{"x":-6.59664249420166,"y":0.00822004396468401,"z":-3.5809788703918459},"rotation":{"x":-0.05727801099419594,"y":0.011995443142950535,"z":-0.0015695735346525908,"w":-0.9985548257827759},"size":9.185586929321289,"orthographic":false}