{"cameraMode":{"drawMode":0,"name":"Shaded","section":"Shading Mode"},"sceneLighting":true,"audioPlay":false,"sceneViewState":{"showFog":true,"showMaterialUpdate":false,"showSkybox":true,"showFlares":true,"showImageEffects":true,"showParticleSystems":true},"in2DMode":false,"pivot":{"x":2.3409082889556886,"y":-6.807950019836426,"z":77.0666732788086},"rotation":{"x":0.08273786306381226,"y":0.0006554032443091273,"z":0.0016793650574982167,"w":0.9968551397323608},"size":43.08422088623047,"orthographic":false}