{"cameraMode":{"drawMode":0,"name":"Shaded","section":"Shading Mode"},"sceneLighting":false,"audioPlay":false,"sceneViewState":{"showFog":true,"showMaterialUpdate":false,"showSkybox":false,"showFlares":true,"showImageEffects":true,"showParticleSystems":true},"in2DMode":false,"pivot":{"x":-0.9604966640472412,"y":3.2940006256103517,"z":0.10272979736328125},"rotation":{"x":0.02068355493247509,"y":0.029083047062158586,"z":0.0005275890580378473,"w":-0.9994433522224426},"size":10.0,"orthographic":false}